,mean_fit_time,std_fit_time,mean_score_time,std_score_time,param_tamanio_vocab,param_tamanio_kernel,param_num_filtros,param_max_len,param_dimension_embedding,params,split0_test_score,split1_test_score,split2_test_score,split3_test_score,mean_test_score,std_test_score,rank_test_score
0,306.35467171669006,5.66511472053571,0.4148023724555969,0.03376844245182526,21074,7,128,31,100,"{'tamanio_vocab': 21074, 'tamanio_kernel': 7, 'num_filtros': 128, 'max_len': 31, 'dimension_embedding': 100}",0.7629678249359131,0.7708470225334167,0.7759526968002319,0.7595269680023193,0.7673236280679703,0.006454379614838865,3
1,329.44677859544754,8.887168303633207,0.4941442012786865,0.0076047414519679665,21074,5,128,31,100,"{'tamanio_vocab': 21074, 'tamanio_kernel': 5, 'num_filtros': 128, 'max_len': 31, 'dimension_embedding': 100}",0.7649376392364502,0.7367038726806641,0.7601839900016785,0.783837080001831,0.761415645480156,0.016787747437793064,5
2,300.03775346279144,2.7648738473240675,1.0576695799827576,0.9435792069937364,21074,3,32,31,100,"{'tamanio_vocab': 21074, 'tamanio_kernel': 3, 'num_filtros': 32, 'max_len': 31, 'dimension_embedding': 100}",0.7866053581237793,0.7524622678756714,0.7674112915992737,0.7726675271987915,0.769786611199379,0.012216228344941744,1
3,313.06116610765457,9.654749086166955,0.6697878837585449,0.03178965977543204,21074,5,64,31,100,"{'tamanio_vocab': 21074, 'tamanio_kernel': 5, 'num_filtros': 64, 'max_len': 31, 'dimension_embedding': 100}",0.780039370059967,0.7485226392745972,0.7286465167999268,0.789750337600708,0.7617397159337997,0.024440351939126366,4
4,292.2268185019493,5.494055081072556,0.7649256587028503,0.03167920682255836,21074,3,128,31,100,"{'tamanio_vocab': 21074, 'tamanio_kernel': 3, 'num_filtros': 128, 'max_len': 31, 'dimension_embedding': 100}",0.7688772082328796,0.7596848607063293,0.7588698863983154,0.7884362936019897,0.7689670622348785,0.011907678918022364,2
